{"y": 4.235141277313232, "x": 4.539199352264404, "z": 0.0025634765625, "w": 1.0}
{"y": 9.252628326416016, "x": 4.930415630340576, "z": 0.0025634765625, "w": 1.0}
{"y": 9.633610725402832, "x": -5.044841289520264, "z": -0.001434326171875, "w": 1.0}
{"y": 4.899423599243164, "x": -4.488948822021484, "z": -0.001434326171875, "w": 1.0}
